
delete from  product_category;
delete from  meta_card;
delete from  buy_record;
delete from  change_list;
delete from  pile_record;
delete from  point_change;
delete from  merchant_account;
delete from  merchant_category;
delete from  merchant;
delete from  campaign;

delete from  product;
delete from  card;
delete from  account;
delete from  customer;


INSERT INTO merchant_category VALUES ('A00001','积分联盟','积分联盟');
INSERT INTO merchant_category VALUES ('A10001','商场','商场');
INSERT INTO merchant_category VALUES ('A10002','超市','超市');

INSERT INTO merchant(MERCHANT_NO,FATHER_MERCHANT,CATEGORY_NO,MERCHANT_NAME,CREATE_TIME,MODIFY_TIME) VALUES ('A0000001',NULL,'A00001','积分联盟',20000101,20000101);
INSERT INTO merchant(MERCHANT_NO,FATHER_MERCHANT,CATEGORY_NO,MERCHANT_NAME,CREATE_TIME,MODIFY_TIME) VALUES ('A1100002',NULL,'A10002','苏果超市',20060616195723,20060617125817);
INSERT INTO merchant(MERCHANT_NO,FATHER_MERCHANT,CATEGORY_NO,MERCHANT_NAME,CREATE_TIME,MODIFY_TIME) VALUES ('C1100006',NULL,'A10002','七彩谷商城',20060616223404,20060616223404);
INSERT INTO merchant(MERCHANT_NO,FATHER_MERCHANT,CATEGORY_NO,MERCHANT_NAME,CREATE_TIME,MODIFY_TIME) VALUES ('A1100005',NULL,'A10002','京卫大药房',20060616223152,20060616223152);
INSERT INTO merchant(MERCHANT_NO,FATHER_MERCHANT,CATEGORY_NO,MERCHANT_NAME,CREATE_TIME,MODIFY_TIME) VALUES ('A1100004',NULL,'A10002','卓越网',20060616223044,20060617114034);
INSERT INTO merchant(MERCHANT_NO,FATHER_MERCHANT,CATEGORY_NO,MERCHANT_NAME,CREATE_TIME,MODIFY_TIME) VALUES ('B1100007',NULL,'A10002','搜狐商城',20060616223534,20060616223534);

INSERT INTO merchant_account VALUES ('00000001','A0000001',0,0,'1999-12-31 16:00:00','1999-12-31 16:00:00');
INSERT INTO merchant_account VALUES ('00000002','A1100002',0,0,'1999-12-31 16:00:00','1999-12-31 16:00:00');
INSERT INTO merchant_account VALUES ('00000003','C1100006',0,0,'1999-12-31 16:00:00','1999-12-31 16:00:00');
INSERT INTO merchant_account VALUES ('00000004','A1100005',0,0,'1999-12-31 16:00:00','1999-12-31 16:00:00');
INSERT INTO merchant_account VALUES ('00000005','A1100004',0,0,'1999-12-31 16:00:00','1999-12-31 16:00:00');
INSERT INTO merchant_account VALUES ('00000006','B1100007',0,0,'1999-12-31 16:00:00','1999-12-31 16:00:00');


INSERT INTO product_category VALUES ('P00001','礼品','礼品');
INSERT INTO product_category VALUES ('P10001','电器','电器');
INSERT INTO product_category VALUES ('P10002','服饰','服饰');


INSERT INTO product(PRODUCT_NO,CATEGORY_NO,NAME,INTRO,POINT,CREATE_TIME,MODIFY_TIME) VALUES ('P0001001','P00001','芭比娃娃','芭比娃娃',100,20060618142631,20060618142631);
INSERT INTO product(PRODUCT_NO,CATEGORY_NO,NAME,INTRO,POINT,CREATE_TIME,MODIFY_TIME) VALUES ('P0001002','P10001','行军床','行军床',850,20060618142823,20060618142723);
INSERT INTO product(PRODUCT_NO,CATEGORY_NO,NAME,INTRO,POINT,CREATE_TIME,MODIFY_TIME) VALUES ('P0001003','P10002','鼠标','罗技鼠标',350,20060618142947,20060618142947);
INSERT INTO product(PRODUCT_NO,CATEGORY_NO,NAME,INTRO,POINT,CREATE_TIME,MODIFY_TIME) VALUES ('P0001004','P00001','金山词霸','金山词霸软件',250,00000000000000,00000000000000);
INSERT INTO product(PRODUCT_NO,CATEGORY_NO,NAME,INTRO,POINT,CREATE_TIME,MODIFY_TIME) VALUES ('P0001005','P10001','袖珍电筒','福平袖珍电筒',350,20060618143147,20060618143147);
INSERT INTO product(PRODUCT_NO,CATEGORY_NO,NAME,INTRO,POINT,CREATE_TIME,MODIFY_TIME) VALUES ('P0001006','P10002','被套','江苏梦兰被套',450,20060618143047,20060618143047);
INSERT INTO product(PRODUCT_NO,CATEGORY_NO,NAME,INTRO,POINT,CREATE_TIME,MODIFY_TIME) VALUES ('P0001007','P00001','辣妈杂货铺安利保健迫',	'辣妈杂货铺安利保健迫',263,20060808143147,20060808143147);
INSERT INTO product(PRODUCT_NO,CATEGORY_NO,NAME,INTRO,POINT,CREATE_TIME,MODIFY_TIME) VALUES ('P0001008','P10001','ombi手推车多福AT',	'ombi手推车多福AT',82,20060808143147,20060808143147);
INSERT INTO product(PRODUCT_NO,CATEGORY_NO,NAME,INTRO,POINT,CREATE_TIME,MODIFY_TIME) VALUES ('P0001009','P10002','汽车座椅提篮',	'汽车座椅提篮',650,20060808143147,20060808143147);
INSERT INTO product(PRODUCT_NO,CATEGORY_NO,NAME,INTRO,POINT,CREATE_TIME,MODIFY_TIME) VALUES ('P0001010','P00001','只赚星星不赚银子',	'只赚星星不赚银子',3000,20060808143147,20060808143147);
INSERT INTO product(PRODUCT_NO,CATEGORY_NO,NAME,INTRO,POINT,CREATE_TIME,MODIFY_TIME) VALUES ('P0001011','P10001','上海金星特',	'上海金星特',520,20060808143147,20060808143147);
INSERT INTO product(PRODUCT_NO,CATEGORY_NO,NAME,INTRO,POINT,CREATE_TIME,MODIFY_TIME) VALUES ('P0001012','P10002','隐形内衣（杯）',	'隐形内衣（杯）',40,20060808143147,20060808143147);
INSERT INTO product(PRODUCT_NO,CATEGORY_NO,NAME,INTRO,POINT,CREATE_TIME,MODIFY_TIME) VALUES ('P0001013','P00001','双钻信誉',	'双钻信誉',1010,20060808143147,20060808143147);
INSERT INTO product(PRODUCT_NO,CATEGORY_NO,NAME,INTRO,POINT,CREATE_TIME,MODIFY_TIME) VALUES ('P0001014','P10001','安利维生素',	'安利维生素',48,20060808143147,20060808143147);
INSERT INTO product(PRODUCT_NO,CATEGORY_NO,NAME,INTRO,POINT,CREATE_TIME,MODIFY_TIME) VALUES ('P0001015','P10002','牛尔的玻尿酸保湿嫩白乳液预订',	'牛尔的玻尿酸保湿嫩白乳液预订',290,20060808143147,20060808143147);
INSERT INTO product(PRODUCT_NO,CATEGORY_NO,NAME,INTRO,POINT,CREATE_TIME,MODIFY_TIME) VALUES ('P0001016','P00001','贵妃字龙手镯',	'贵妃字龙手镯',140,20060808143147,20060808143147);
INSERT INTO product(PRODUCT_NO,CATEGORY_NO,NAME,INTRO,POINT,CREATE_TIME,MODIFY_TIME) VALUES ('P0001017','P10001','雪罗兰橙维Ｃ美白软面膜',	'雪罗兰橙维Ｃ美白软面膜',98000,20060808143147,20060808143147);
INSERT INTO product(PRODUCT_NO,CATEGORY_NO,NAME,INTRO,POINT,CREATE_TIME,MODIFY_TIME) VALUES ('P0001018','P10002','比嘟嘟卡要稳定的预约卡',	'比嘟嘟卡要稳定的预约卡',86,20060808143147,20060808143147);
INSERT INTO product(PRODUCT_NO,CATEGORY_NO,NAME,INTRO,POINT,CREATE_TIME,MODIFY_TIME) VALUES ('P0001019','P00001','复合维生素片小瓶',	'复合维生素片小瓶',110,20060808143147,20060808143147);
INSERT INTO product(PRODUCT_NO,CATEGORY_NO,NAME,INTRO,POINT,CREATE_TIME,MODIFY_TIME) VALUES ('P0001020','P10001','大S红酒面膜好拍档',	'大S红酒面膜好拍档',8450,20060808143147,20060808143147);
INSERT INTO product(PRODUCT_NO,CATEGORY_NO,NAME,INTRO,POINT,CREATE_TIME,MODIFY_TIME) VALUES ('P0001021','P10002','奥林巴斯',	'奥林巴斯',80,20060808143147,20060808143147);
INSERT INTO product(PRODUCT_NO,CATEGORY_NO,NAME,INTRO,POINT,CREATE_TIME,MODIFY_TIME) VALUES ('P0001022','P10001','复合维生素片(225片)',	'复合维生素片(225片)',1350,20060808143147,20060808143147);
INSERT INTO product(PRODUCT_NO,CATEGORY_NO,NAME,INTRO,POINT,CREATE_TIME,MODIFY_TIME) VALUES ('P0001023','P10002','斜纽扣 碎布烂衣袖衣尾',	'斜纽扣 碎布烂衣袖衣尾',168,20060808143147,20060808143147);
INSERT INTO product(PRODUCT_NO,CATEGORY_NO,NAME,INTRO,POINT,CREATE_TIME,MODIFY_TIME) VALUES ('P0001024','P00001','8mm福禄寿',	'8mm福禄寿',139,20060808143147,20060808143147);
INSERT INTO product(PRODUCT_NO,CATEGORY_NO,NAME,INTRO,POINT,CREATE_TIME,MODIFY_TIME) VALUES ('P0001025','P10001','曼妮PIPI',	'曼妮PIPI',29,20060808143147,20060808143147);
INSERT INTO product(PRODUCT_NO,CATEGORY_NO,NAME,INTRO,POINT,CREATE_TIME,MODIFY_TIME) VALUES ('P0001026','P10002','NIKE---2006',	'NIKE---2006',48,20060808143147,20060808143147);
INSERT INTO product(PRODUCT_NO,CATEGORY_NO,NAME,INTRO,POINT,CREATE_TIME,MODIFY_TIME) VALUES ('P0001027','P00001','企业型空间',	'企业型空间',55,20060808143147,20060808143147);
INSERT INTO product(PRODUCT_NO,CATEGORY_NO,NAME,INTRO,POINT,CREATE_TIME,MODIFY_TIME) VALUES ('P0001028','P10001','【菌中之王】――野生新鲜松茸级',	'【菌中之王】――野生新鲜松茸级',50,20060808143147,20060808143147);
INSERT INTO product(PRODUCT_NO,CATEGORY_NO,NAME,INTRO,POINT,CREATE_TIME,MODIFY_TIME) VALUES ('P0001029','P10002','新活维莹亮精华',	'新活维莹亮精华',150,20060808143147,20060808143147);
INSERT INTO product(PRODUCT_NO,CATEGORY_NO,NAME,INTRO,POINT,CREATE_TIME,MODIFY_TIME) VALUES ('P0001030','P00001','四钻特卖 Avon/雅冀',	'四钻特卖 Avon/雅冀',75,20060808143147,20060808143147);
INSERT INTO product(PRODUCT_NO,CATEGORY_NO,NAME,INTRO,POINT,CREATE_TIME,MODIFY_TIME) VALUES ('P0001031','P10001','硅胶纳米透气',	'硅胶纳米透气',598,20060808143147,20060808143147);
INSERT INTO product(PRODUCT_NO,CATEGORY_NO,NAME,INTRO,POINT,CREATE_TIME,MODIFY_TIME) VALUES ('P0001032','P10002','一元专区-韩版珍珠戒指款',	'一元专区-韩版珍珠戒指款',38,20060808143147,20060808143147);
INSERT INTO product(PRODUCT_NO,CATEGORY_NO,NAME,INTRO,POINT,CREATE_TIME,MODIFY_TIME) VALUES ('P0001033','P10001','黛安液',	'黛安液',123,20060808143147,20060808143147);
INSERT INTO product(PRODUCT_NO,CATEGORY_NO,NAME,INTRO,POINT,CREATE_TIME,MODIFY_TIME) VALUES ('P0001034','P10002','黛安颐览',	'黛安颐览',68,20060808143147,20060808143147);
INSERT INTO product(PRODUCT_NO,CATEGORY_NO,NAME,INTRO,POINT,CREATE_TIME,MODIFY_TIME) VALUES ('P0001035','P00001','黛安',	'黛安',99,20060808143147,20060808143147);
INSERT INTO product(PRODUCT_NO,CATEGORY_NO,NAME,INTRO,POINT,CREATE_TIME,MODIFY_TIME) VALUES ('P0001036','P10001','黛安衣',	'黛安衣',68,20060808143147,20060808143147);
INSERT INTO product(PRODUCT_NO,CATEGORY_NO,NAME,INTRO,POINT,CREATE_TIME,MODIFY_TIME) VALUES ('P0001037','P10002','黛安役色芭比内',	'黛安役色芭比内',99,20060808143147,20060808143147);
INSERT INTO product(PRODUCT_NO,CATEGORY_NO,NAME,INTRO,POINT,CREATE_TIME,MODIFY_TIME) VALUES ('P0001038','P00001','企业邮',	'企业邮',68,20060808143147,20060808143147);
INSERT INTO product(PRODUCT_NO,CATEGORY_NO,NAME,INTRO,POINT,CREATE_TIME,MODIFY_TIME) VALUES ('P0001039','P10001','联通网世界',	'联通网世界',180,20060808143147,20060808143147);
INSERT INTO product(PRODUCT_NO,CATEGORY_NO,NAME,INTRO,POINT,CREATE_TIME,MODIFY_TIME) VALUES ('P0001040','P10002','圣大保罗新款牛皮沙滩凉鞋',	'圣大保罗新款牛皮沙滩凉鞋',118,20060808143147,20060808143147);
INSERT INTO product(PRODUCT_NO,CATEGORY_NO,NAME,INTRO,POINT,CREATE_TIME,MODIFY_TIME) VALUES ('P0001041','P00001','水晶干花牙签盒',	'水晶干花牙签盒',99,20060808143147,20060808143147);
INSERT INTO product(PRODUCT_NO,CATEGORY_NO,NAME,INTRO,POINT,CREATE_TIME,MODIFY_TIME) VALUES ('P0001042','P10001','薄型花边文',	'薄型花边文',12,20060808143147,20060808143147);

INSERT INTO campaign(CAMPAIGN_NO,MERCHANT_NO,TITLE,STATUS,INTRO,CREATE_TIME,MODIFY_TIME) VALUES ('M0000101','A1100002','注册送积分','1','注册送积分',20060617155711,20060617155547);
INSERT INTO campaign(CAMPAIGN_NO,MERCHANT_NO,TITLE,STATUS,INTRO,CREATE_TIME,MODIFY_TIME) VALUES ('M0000102','C1100006','庆元旦促销','1','庆元旦促销',20060617170728,20060617155547);
INSERT INTO campaign(CAMPAIGN_NO,MERCHANT_NO,TITLE,STATUS,INTRO,CREATE_TIME,MODIFY_TIME) VALUES ('M0000103',NULL,'五一大派送','1','五一大派送',20060617170739,20060617170149);
INSERT INTO campaign(CAMPAIGN_NO,MERCHANT_NO,TITLE,STATUS,INTRO,CREATE_TIME,MODIFY_TIME) VALUES ('M0000104','C1100006','五一大派送','1','五一大派送',20060617170741,20060617170557);
INSERT INTO campaign(CAMPAIGN_NO,MERCHANT_NO,TITLE,STATUS,INTRO,CREATE_TIME,MODIFY_TIME) VALUES ('M0000105','C1100006','注册有礼','1','注册有礼',20060617170557,20060617170557);
INSERT INTO campaign(CAMPAIGN_NO,MERCHANT_NO,TITLE,STATUS,INTRO,CREATE_TIME,MODIFY_TIME) VALUES ('M0000106','C1100006','关爱一生','1','关爱一生',20060617170557,20060617170557);
INSERT INTO campaign(CAMPAIGN_NO,MERCHANT_NO,TITLE,STATUS,INTRO,CREATE_TIME,MODIFY_TIME) VALUES ('A0000001',NULL,'玩游戏获大奖','1','玩游戏获大奖',20060617170557,20060617170557);
INSERT INTO campaign(CAMPAIGN_NO,MERCHANT_NO,TITLE,STATUS,INTRO,CREATE_TIME,MODIFY_TIME) VALUES ('A0000102',NULL,'五一大派送','2','五一大派送',20060617170557,20060617170557);
INSERT INTO campaign(CAMPAIGN_NO,MERCHANT_NO,TITLE,STATUS,INTRO,CREATE_TIME,MODIFY_TIME) VALUES ('A0000103',NULL,'猜球','1','猜球',20060617170557,20060617170557);

INSERT META_CARD VALUES('A00001', 'A0000001', '积分联盟卡', '2006-07-08 22:10:34', '2006-07-07 00:00:00');
INSERT META_CARD VALUES('A00002', 'A1100002', '苏果卡', '2006-07-08 22:10:34', '2006-07-07 00:00:00');
INSERT META_CARD VALUES('A00003', 'B1100007', '测试卡', '2006-07-08 22:06:29', '2006-07-07 00:00:00');
